SET FOREIGN_KEY_CHECKS = 0;

INSERT INTO `cards` VALUES 
('034e0929-b2c7-4b5f-94f2-8eaf4fb1a2a1','Sauron, the Dark Lord','{3}{U}{B}{R}','Legendary Creature — Avatar Horror','https://cards.scryfall.io/small/front/0/3/034e0929-b2c7-4b5f-94f2-8eaf4fb1a2a1.jpg?1693611218','scryfall','2026-05-29 03:58:32','2026-05-29 06:34:32'), ('04b13e32-01b9-4a86-a3df-ca8b784c6a6c','Eldrazi Devastator','{8}','Creature — Eldrazi','https://cards.scryfall.io/small/front/0/4/04b13e32-01b9-4a86-a3df-ca8b784c6a6c.jpg?1562896153','scryfall','2026-05-28 23:12:24','2026-05-28 23:12:24'),('05e9d580-5da2-4559-b611-870726c53791','Rograkh, Son of Rohgahh','{0}','Legendary Creature — Kobold Warrior','https://cards.scryfall.io/small/front/0/5/05e9d580-5da2-4559-b611-870726c53791.jpg?1752658042','scryfall','2026-05-29 06:34:13','2026-05-29 06:34:13'),('0edcda2a-071b-40c5-9fb3-8a4ff87ca00e','Krenko\'s Buzzcrusher','{2}{R}{R}','Artifact Creature — Insect Thopter','https://cards.scryfall.io/small/front/0/e/0edcda2a-071b-40c5-9fb3-8a4ff87ca00e.jpg?1706241894','scryfall','2026-05-29 03:36:19','2026-05-29 03:36:19'),('1d770a59-1c54-407e-9c58-8d8b6f44c90a','Field-Tested Frying Pan','{2}{W}','Artifact — Equipment','https://cards.scryfall.io/small/front/1/d/1d770a59-1c54-407e-9c58-8d8b6f44c90a.jpg?1686963795','scryfall','2026-05-29 03:33:03','2026-05-29 03:33:03'),('226af626-873d-4bd2-b889-000f8316786f','Foggy Bottom Swamp','','Land','https://cards.scryfall.io/small/front/2/2/226af626-873d-4bd2-b889-000f8316786f.jpg?1764121972','scryfall','2026-05-28 08:42:32','2026-05-29 03:33:23'),('22b60168-1e7b-4c80-bb93-6841c1e961bb','Preston Garvey, Minuteman','{2}{R}{G}{W}','Legendary Creature — Human Soldier','https://cards.scryfall.io/small/front/2/2/22b60168-1e7b-4c80-bb93-6841c1e961bb.jpg?1710673410','scryfall','2026-05-29 03:45:20','2026-05-29 03:45:20'),('246a7176-98bc-4f54-aa61-38747420f178','Caesar, Legion\'s Emperor','{1}{R}{W}{B}','Legendary Creature — Human Soldier','https://cards.scryfall.io/small/front/2/4/246a7176-98bc-4f54-aa61-38747420f178.jpg?1710673450','scryfall','2026-05-29 01:42:55','2026-05-29 01:42:55'),('24dc369c-020a-4115-a4bb-d60a44de64e3','Plains','','Basic Land — Plains','https://cards.scryfall.io/small/front/2/4/24dc369c-020a-4115-a4bb-d60a44de64e3.jpg?1777658393','scryfall','2026-05-29 01:43:19','2026-05-29 01:43:19'),('266316d3-3bbc-4283-aab8-69629855909f','Llanowar Wastes','','Land','https://cards.scryfall.io/small/front/2/6/266316d3-3bbc-4283-aab8-69629855909f.jpg?1775942271','scryfall','2026-05-28 23:11:59','2026-05-28 23:11:59'),('2b6b2979-a887-4ad8-b123-4aea916de36a','Academy Ruins','','Legendary Land','https://cards.scryfall.io/small/front/2/b/2b6b2979-a887-4ad8-b123-4aea916de36a.jpg?1699917336','scryfall','2026-05-29 06:34:46','2026-05-29 06:34:48'),('2f5689e2-d8a2-442b-8027-f89686adcb67','Krenko, Tin Street Kingpin','{2}{R}','Legendary Creature — Goblin','https://cards.scryfall.io/small/front/2/f/2f5689e2-d8a2-442b-8027-f89686adcb67.jpg?1682209400','scryfall','2026-05-29 03:36:21','2026-05-29 03:36:21'),('377d65d8-21c8-4292-97db-610e0173ba59','Sauron, the Necromancer','{3}{B}{B}','Legendary Creature — Avatar Horror','https://cards.scryfall.io/small/front/3/7/377d65d8-21c8-4292-97db-610e0173ba59.jpg?1686968699','scryfall','2026-05-29 06:34:30','2026-05-29 06:34:30'),('37f79ba7-7b65-4387-b498-f770816ce8dd','Eldrazi Repurposer','{2}{G}','Creature — Eldrazi Drone','https://cards.scryfall.io/small/front/3/7/37f79ba7-7b65-4387-b498-f770816ce8dd.jpg?1717012430','scryfall','2026-05-28 23:12:29','2026-05-28 23:12:29'),('3cac0ad3-5107-4ed6-a688-d44bbd65e407','Jeskai Revelation','{4}{U}{R}{W}','Instant','https://cards.scryfall.io/small/front/3/c/3cac0ad3-5107-4ed6-a688-d44bbd65e407.jpg?1743204770','scryfall','2026-05-29 04:05:14','2026-05-29 04:05:14'),('4129cb0d-eefe-4971-9db8-1196201ef353','Necron Deathmark','{3}{B}{B}','Artifact Creature — Necron','https://cards.scryfall.io/small/front/4/1/4129cb0d-eefe-4971-9db8-1196201ef353.jpg?1673308710','scryfall','2026-05-29 03:32:37','2026-05-29 03:32:37'),('457fdbb9-5439-460f-8e37-176f8919362c','Joshua, Phoenix\'s Dominant // Phoenix, Warden of Fire','{1}{R}{W}','Legendary Creature — Human Noble Wizard // Legendary Enchantment Creature — Saga Phoenix','https://cards.scryfall.io/small/front/4/5/457fdbb9-5439-460f-8e37-176f8919362c.jpg?1748707830','scryfall','2026-05-29 06:34:13','2026-05-29 06:34:13'),('51acfb01-4b0b-48fc-9704-a9b4a1e43a23','Mountain','','Basic Land — Mountain','https://cards.scryfall.io/small/front/5/1/51acfb01-4b0b-48fc-9704-a9b4a1e43a23.jpg?1777658413','scryfall','2026-05-29 01:44:22','2026-05-29 01:44:23'),('53b92e8a-fadf-4568-8b30-2df68e6ff7cf','Lumbering Megasloth','{10}{G}{G}','Creature — Sloth Mutant','https://cards.scryfall.io/small/front/5/3/53b92e8a-fadf-4568-8b30-2df68e6ff7cf.jpg?1708742319','scryfall','2026-05-29 00:50:01','2026-05-29 00:50:01'),('5524b712-c67d-4d2e-9344-9e85a6ce3227','Krenko, Baron of Tin Street','{2}{R}','Legendary Creature — Goblin','https://cards.scryfall.io/small/front/5/5/5524b712-c67d-4d2e-9344-9e85a6ce3227.jpg?1706241890','scryfall','2026-05-29 03:36:18','2026-05-29 03:36:18'),('577278fb-117b-48b2-b78f-bed99698ef4b','Syr Joshua and Syr Saxon','{G}{W}','Legendary Creature — Human Knight','https://cards.scryfall.io/small/front/5/7/577278fb-117b-48b2-b78f-bed99698ef4b.jpg?1696890658','scryfall','2026-05-29 06:34:13','2026-05-29 06:34:13'),('5ceacc7d-d407-4f82-af58-9bdf8426924e','Wastewood Verge','','Land','https://cards.scryfall.io/small/front/5/c/5ceacc7d-d407-4f82-af58-9bdf8426924e.jpg?1773857343','scryfall','2026-05-28 23:12:08','2026-05-28 23:12:08'),('62d70fd2-de4e-41c6-b3e5-147fffca8a20','Necron Overlord','{2}{B}{B}','Artifact Creature — Necron Noble','https://cards.scryfall.io/small/front/6/2/62d70fd2-de4e-41c6-b3e5-147fffca8a20.jpg?1673308717','scryfall','2026-05-29 03:32:38','2026-05-29 03:32:38'),('62f3ec85-552d-4e28-939e-ab2c39e3e9c5','Eldrazi Aggressor','{2}{R}','Creature — Eldrazi Drone','https://cards.scryfall.io/small/front/6/2/62f3ec85-552d-4e28-939e-ab2c39e3e9c5.jpg?1562915027','scryfall','2026-05-28 23:12:25','2026-05-28 23:12:25'),('64d5e6bd-de46-4bc2-854b-cc6cae713f98','Young Deathclaws','{2}{B}{G}','Creature — Lizard Mutant','https://cards.scryfall.io/small/front/6/4/64d5e6bd-de46-4bc2-854b-cc6cae713f98.jpg?1708742696','scryfall','2026-05-29 00:50:10','2026-05-29 00:50:10'),('670c3106-71fc-464e-8c94-81bf7fafc3e6','Glissa Sunseeker','{2}{G}{G}','Legendary Creature — Elf Warrior','https://cards.scryfall.io/small/front/6/7/670c3106-71fc-464e-8c94-81bf7fafc3e6.jpg?1665504346','scryfall','2026-05-29 06:34:27','2026-05-29 06:34:27'),('682b1b62-338a-49d1-9d4e-2d8ee2e6fc76','Glissa Sunslayer','{1}{B}{G}','Legendary Creature — Phyrexian Zombie Elf','https://cards.scryfall.io/small/front/6/8/682b1b62-338a-49d1-9d4e-2d8ee2e6fc76.jpg?1767731302','scryfall','2026-05-29 06:34:27','2026-05-29 06:34:27'),('6aa85af8-15f5-4620-8aea-0b45c28372ed','Snow-Covered Swamp','','Basic Snow Land — Swamp','https://cards.scryfall.io/small/front/6/a/6aa85af8-15f5-4620-8aea-0b45c28372ed.jpg?1631053431','scryfall','2026-05-29 03:33:22','2026-05-29 03:33:22'),('6d572487-de58-4ec0-9649-0cdacff4bb48','Panic Spellbomb','{1}','Artifact','https://cards.scryfall.io/small/front/6/d/6d572487-de58-4ec0-9649-0cdacff4bb48.jpg?1562274149','scryfall','2026-05-29 03:33:01','2026-05-29 03:33:01'),('73c18cb4-96b1-4af2-912e-974e22877ede','Jodah, Archmage Eternal','{1}{U}{R}{W}','Legendary Creature — Human Wizard','https://cards.scryfall.io/small/front/7/3/73c18cb4-96b1-4af2-912e-974e22877ede.jpg?1673148799','scryfall','2026-05-29 05:07:09','2026-05-29 05:07:09'),('76a88814-aa30-4297-b338-3d851bfe7256','The Mouth of Sauron','{3}{U}{B}','Legendary Creature — Human Advisor','https://cards.scryfall.io/small/front/7/6/76a88814-aa30-4297-b338-3d851bfe7256.jpg?1686969905','scryfall','2026-05-29 06:34:30','2026-05-29 06:34:30'),('79e5c1ab-eebd-41ca-a1ca-29b00370f6e8','Fraying Sanity','{2}{U}','Enchantment — Aura Curse','https://cards.scryfall.io/small/front/7/9/79e5c1ab-eebd-41ca-a1ca-29b00370f6e8.jpg?1562804295','scryfall','2026-05-29 00:49:39','2026-05-29 00:49:39'),('7d86dc2e-6f0c-4714-9d30-5d099d3b895c','Frodo, Sauron\'s Bane','{W}','Legendary Creature — Halfling Citizen','https://cards.scryfall.io/small/front/7/d/7d86dc2e-6f0c-4714-9d30-5d099d3b895c.jpg?1686967812','scryfall','2026-05-29 06:34:30','2026-05-29 06:34:30'),('824b2d73-2151-4e5e-9f05-8f63e2bdcaa9','Krenko, Mob Boss','{2}{R}{R}','Legendary Creature — Goblin Warrior','https://cards.scryfall.io/small/front/8/2/824b2d73-2151-4e5e-9f05-8f63e2bdcaa9.jpg?1730632010','scryfall','2026-05-29 03:36:18','2026-05-29 03:36:18'),('87870792-e429-4eba-8193-cdce5c7b6c55','Snow-Covered Wastes','','Basic Snow Land','https://cards.scryfall.io/small/front/8/7/87870792-e429-4eba-8193-cdce5c7b6c55.jpg?1717013055','scryfall','2026-05-28 23:12:00','2026-05-28 23:12:00'),('8ef269a0-1cb9-4901-81e6-43db3ae3756c','Chrome Companion','{2}','Artifact Creature — Dog','https://cards.scryfall.io/small/front/8/e/8ef269a0-1cb9-4901-81e6-43db3ae3756c.jpg?1752947525','scryfall','2026-05-29 03:33:03','2026-05-29 03:33:03'),('9464a820-65de-44f2-9895-46a35e8621a0','Ulamog, the Infinite Gyre','{11}','Legendary Creature — Eldrazi','https://cards.scryfall.io/small/front/9/4/9464a820-65de-44f2-9895-46a35e8621a0.jpg?1758104023','scryfall','2026-05-28 23:11:49','2026-05-29 05:06:55'),('95d9c92d-8b1b-4adc-8015-d50e673b6321','Immobilizer Eldrazi','{1}{R}','Creature — Eldrazi Drone','https://cards.scryfall.io/small/front/9/5/95d9c92d-8b1b-4adc-8015-d50e673b6321.jpg?1562925184','scryfall','2026-05-28 23:12:33','2026-05-28 23:12:33'),('998d0cc8-ca2a-41c3-ab65-d05c26ab8278','Panharmonicon','{4}','Artifact','https://cards.scryfall.io/small/front/9/9/998d0cc8-ca2a-41c3-ab65-d05c26ab8278.jpg?1722108762','scryfall','2026-05-29 03:33:00','2026-05-29 03:33:00'),('9c9c1a10-446e-492a-95cc-a459dc6c08a0','Eldrazi Skyspawner','{2}{U}','Creature — Eldrazi Drone','https://cards.scryfall.io/small/front/9/c/9c9c1a10-446e-492a-95cc-a459dc6c08a0.jpg?1562931948','scryfall','2026-05-28 23:12:31','2026-05-28 23:12:31'),('a07a0e31-ace6-40ad-8700-2d58135b5320','Leechridden Swamp','','Land — Swamp','https://cards.scryfall.io/small/front/a/0/a07a0e31-ace6-40ad-8700-2d58135b5320.jpg?1726285448','scryfall','2026-05-28 08:42:34','2026-05-29 03:33:22'),('a1e36b92-aa88-4536-aebc-7e84a10d73fe','Glowing One','{2}{G}','Creature — Zombie Mutant','https://cards.scryfall.io/small/front/a/1/a1e36b92-aa88-4536-aebc-7e84a10d73fe.jpg?1708742288','scryfall','2026-05-29 00:50:20','2026-05-29 00:50:20'),('a591bffd-2f03-48f4-a719-04f2142abd77','Encroaching Wastes','','Land','https://cards.scryfall.io/small/front/a/5/a591bffd-2f03-48f4-a719-04f2142abd77.jpg?1608917982','scryfall','2026-05-28 23:11:59','2026-05-28 23:11:59'),('aaafb9bc-7cea-4624-a227-595544fa42b0','Wasteland','','Land','https://cards.scryfall.io/small/front/a/a/aaafb9bc-7cea-4624-a227-595544fa42b0.jpg?1590511888','scryfall','2026-05-28 23:12:01','2026-05-28 23:12:02'),('ab95f6e7-b806-47fe-a071-6c38b3176d94','Emergence Zone','','Land','https://cards.scryfall.io/small/front/a/b/ab95f6e7-b806-47fe-a071-6c38b3176d94.jpg?1557577458','scryfall','2026-05-29 06:34:46','2026-05-29 06:34:49'),('baf8f4f2-9f25-4cd2-8d78-1041e134aeac','Wastes','','Basic Land','https://cards.scryfall.io/small/front/b/a/baf8f4f2-9f25-4cd2-8d78-1041e134aeac.jpg?1752945584','scryfall','2026-05-28 23:12:03','2026-05-28 23:12:03'),('c5f590a3-9993-4ac4-a93c-1beb44eda17b','Swamp','','Basic Land — Swamp','https://cards.scryfall.io/small/front/c/5/c5f590a3-9993-4ac4-a93c-1beb44eda17b.jpg?1777658405','scryfall','2026-05-28 08:42:37','2026-05-29 03:33:21'),('c634273a-94b0-4104-9d10-ae522ece1fc7','Adagia, Windswept Bastion','','Land — Planet','https://cards.scryfall.io/small/front/c/6/c634273a-94b0-4104-9d10-ae522ece1fc7.jpg?1755341328','scryfall','2026-05-28 08:42:33','2026-05-28 08:42:33'),('c6d813e9-560a-4d89-b576-db88dbdb8da7','Isshin, Two Heavens as One','{R}{W}{B}','Legendary Creature — Human Samurai','https://cards.scryfall.io/small/front/c/6/c6d813e9-560a-4d89-b576-db88dbdb8da7.jpg?1769163708','scryfall','2026-05-29 06:34:13','2026-05-29 06:34:17'),('c74ae706-b3b3-4097-a387-6f6c38a9b603','Ulamog, the Ceaseless Hunger','{10}','Legendary Creature — Eldrazi','https://cards.scryfall.io/small/front/c/7/c74ae706-b3b3-4097-a387-6f6c38a9b603.jpg?1689995438','scryfall','2026-05-28 22:54:29','2026-05-29 05:06:55'),('c7f2c2d5-e052-49e8-b5de-712858c2ea78','Y\'shtola, Night\'s Blessed','{1}{W}{U}{B}','Legendary Creature — Cat Warlock','https://cards.scryfall.io/small/front/c/7/c7f2c2d5-e052-49e8-b5de-712858c2ea78.jpg?1752052932','scryfall','2026-05-29 03:46:32','2026-05-29 03:46:32'),('ca4c8b04-66af-4cb3-8003-9088d8344b20','Alpha Deathclaw','{4}{B}{G}','Creature — Lizard Mutant','https://cards.scryfall.io/small/front/c/a/ca4c8b04-66af-4cb3-8003-9088d8344b20.jpg?1708742405','scryfall','2026-05-29 00:50:09','2026-05-29 00:50:09'),('cbab7e1f-305e-4733-aa70-b27285740925','Eldrazi Temple','','Land','https://cards.scryfall.io/small/front/c/b/cbab7e1f-305e-4733-aa70-b27285740925.jpg?1770635039','scryfall','2026-05-28 22:54:37','2026-05-29 03:35:18'),('ce2ceeb0-03b6-48bc-a084-069176ebccb2','Krenko\'s Enforcer','{1}{R}{R}','Creature — Goblin Warrior','https://cards.scryfall.io/small/front/c/e/ce2ceeb0-03b6-48bc-a084-069176ebccb2.jpg?1562794485','scryfall','2026-05-29 03:36:20','2026-05-29 03:36:20'),('cfb80c75-4b1b-4f25-923a-933855e7345c','The Wise Mothman','{1}{B}{G}{U}','Legendary Creature — Insect Mutant','https://cards.scryfall.io/small/front/c/f/cfb80c75-4b1b-4f25-923a-933855e7345c.jpg?1769163701','scryfall','2026-05-28 08:38:27','2026-05-29 05:06:34'),('d4c0fcdb-a312-4976-bcfb-73930c0a556c','Jeskai Charm','{U}{R}{W}','Instant','https://cards.scryfall.io/small/front/d/4/d4c0fcdb-a312-4976-bcfb-73930c0a556c.jpg?1673148790','scryfall','2026-05-29 04:05:14','2026-05-29 04:05:14'),('d778cdec-8fc7-4174-bae1-4c8e8ccdfab3','Radstorm','{3}{U}','Instant','https://cards.scryfall.io/small/front/d/7/d778cdec-8fc7-4174-bae1-4c8e8ccdfab3.jpg?1708741965','scryfall','2026-05-29 00:49:21','2026-05-29 00:49:21'),('d82a4c78-d2fc-425a-8d0e-2e64509a08f1','Sauron, the Lidless Eye','{3}{B}{R}','Legendary Creature — Avatar Horror','https://cards.scryfall.io/small/front/d/8/d82a4c78-d2fc-425a-8d0e-2e64509a08f1.jpg?1715720382','scryfall','2026-05-29 06:34:30','2026-05-29 06:34:30'),('dbd8115e-4cb3-49b6-b74f-8fcfa28c6404','Cartographer\'s Companion','{3}','Artifact Creature — Gnome','https://cards.scryfall.io/small/front/d/b/dbd8115e-4cb3-49b6-b74f-8fcfa28c6404.jpg?1699044595','scryfall','2026-05-29 03:33:04','2026-05-29 03:33:04'),('e11174b2-2423-4a6e-9dcf-ff550eee7e5a','Szarekh, the Silent King','{1}{B}{B}{B}','Legendary Artifact Creature — Necron','https://cards.scryfall.io/small/front/e/1/e11174b2-2423-4a6e-9dcf-ff550eee7e5a.jpg?1674058343','scryfall','2026-05-29 03:32:28','2026-05-29 03:32:28'),('e4b1aa1e-b4e3-4346-8937-76b312501c70','Jodah, the Unifier','{W}{U}{B}{R}{G}','Legendary Creature — Human Wizard','https://cards.scryfall.io/small/front/e/4/e4b1aa1e-b4e3-4346-8937-76b312501c70.jpg?1673307974','scryfall','2026-05-29 05:07:09','2026-05-29 05:07:11'),('f14eb369-b8e3-4abf-9e77-79d1fe5b426f','Legate Lanius, Caesar\'s Ace','{2}{B}{R}','Legendary Creature — Human Soldier','https://cards.scryfall.io/small/front/f/1/f14eb369-b8e3-4abf-9e77-79d1fe5b426f.jpg?1708742542','scryfall','2026-05-29 03:43:49','2026-05-29 03:43:49'),('f67774a1-f5f8-4b7b-871d-88a1b5e57d27','Eldrazi Linebreaker','{1}{C}{R}','Creature — Eldrazi','https://cards.scryfall.io/small/front/f/6/f67774a1-f5f8-4b7b-871d-88a1b5e57d27.jpg?1717012147','scryfall','2026-05-28 23:12:26','2026-05-28 23:12:26'),('fc53dec0-79fe-4f6f-9d5b-cf298588e808','Sauron, Lord of the Rings','{5}{U}{B}{R}','Legendary Creature — Avatar Horror','https://cards.scryfall.io/small/front/f/c/fc53dec0-79fe-4f6f-9d5b-cf298588e808.jpg?1686963724','scryfall','2026-05-29 06:34:30','2026-05-29 06:34:30'),('fd00d56a-86bd-41d8-82b6-975404ef8067','Ulamog, the Defiler','{10}','Legendary Creature — Eldrazi','https://cards.scryfall.io/small/front/f/d/fd00d56a-86bd-41d8-82b6-975404ef8067.jpg?1769950867','scryfall','2026-05-29 05:06:55','2026-05-29 05:06:55'),('fdad1b0e-d3cc-4d76-ae7e-fee12558cf2c','Ulalek, Fused Atrocity','{C/W}{C/U}{C/B}{C/R}{C/G}','Legendary Creature — Eldrazi','https://cards.scryfall.io/small/front/f/d/fdad1b0e-d3cc-4d76-ae7e-fee12558cf2c.jpg?1735676761','scryfall','2026-05-29 03:35:09','2026-05-29 03:35:09');



INSERT INTO `deck_cards` VALUES 
(8,5,'9464a820-65de-44f2-9895-46a35e8621a0',1,'Commander'),
(9,5,'a591bffd-2f03-48f4-a719-04f2142abd77',1,'Lands'),
(10,5,'266316d3-3bbc-4283-aab8-69629855909f',1,'Lands'),
(11,5,'87870792-e429-4eba-8193-cdce5c7b6c55',1,'Lands'),
(12,5,'aaafb9bc-7cea-4624-a227-595544fa42b0',2,'Lands'),
(13,5,'baf8f4f2-9f25-4cd2-8d78-1041e134aeac',2,'Lands'),
(14,5,'5ceacc7d-d407-4f82-af58-9bdf8426924e',1,'Lands'),
(15,5,'04b13e32-01b9-4a86-a3df-ca8b784c6a6c',1,'Creatures'),
(16,5,'62f3ec85-552d-4e28-939e-ab2c39e3e9c5',1,'Creatures'),
(17,5,'f67774a1-f5f8-4b7b-871d-88a1b5e57d27',1,'Creatures'),
(18,5,'37f79ba7-7b65-4387-b498-f770816ce8dd',1,'Creatures'),
(19,5,'9c9c1a10-446e-492a-95cc-a459dc6c08a0',1,'Creatures'),
(20,5,'95d9c92d-8b1b-4adc-8015-d50e673b6321',1,'Creatures'),
(21,7,'cfb80c75-4b1b-4f25-923a-933855e7345c',1,'Commander'),
(22,7,'d778cdec-8fc7-4174-bae1-4c8e8ccdfab3',1,'Instants'),
(23,7,'79e5c1ab-eebd-41ca-a1ca-29b00370f6e8',1,'Enchantments'),
(24,7,'53b92e8a-fadf-4568-8b30-2df68e6ff7cf',1,'Creatures'),
(25,7,'ca4c8b04-66af-4cb3-8003-9088d8344b20',1,'Creatures'),
(26,7,'64d5e6bd-de46-4bc2-854b-cc6cae713f98',1,'Creatures'),
(27,7,'a1e36b92-aa88-4536-aebc-7e84a10d73fe',1,'Creatures'),
(28,8,'246a7176-98bc-4f54-aa61-38747420f178',1,'Commander'),
(31,8,'51acfb01-4b0b-48fc-9704-a9b4a1e43a23',3,'Lands'),
(35,9,'998d0cc8-ca2a-41c3-ab65-d05c26ab8278',1,'Artifacts'),
(36,9,'6d572487-de58-4ec0-9649-0cdacff4bb48',1,'Artifacts'),
(37,9,'1d770a59-1c54-407e-9c58-8d8b6f44c90a',1,'Artifacts'),
(38,9,'8ef269a0-1cb9-4901-81e6-43db3ae3756c',1,'Artifacts'),
(39,9,'dbd8115e-4cb3-49b6-b74f-8fcfa28c6404',2,'Artifacts'),
(40,9,'c5f590a3-9993-4ac4-a93c-1beb44eda17b',24,'Lands'),
(41,9,'6aa85af8-15f5-4620-8aea-0b45c28372ed',3,'Lands'),
(42,9,'a07a0e31-ace6-40ad-8700-2d58135b5320',3,'Lands'),
(43,9,'226af626-873d-4bd2-b889-000f8316786f',2,'Lands'),
(46,9,'5524b712-c67d-4d2e-9344-9e85a6ce3227',1,'Creatures'),
(47,9,'824b2d73-2151-4e5e-9f05-8f63e2bdcaa9',1,'Creatures'),
(48,9,'0edcda2a-071b-40c5-9fb3-8a4ff87ca00e',1,'Creatures'),
(49,9,'ce2ceeb0-03b6-48bc-a084-069176ebccb2',1,'Creatures'),
(50,9,'2f5689e2-d8a2-442b-8027-f89686adcb67',1,'Creatures'),
(51,9,'f14eb369-b8e3-4abf-9e77-79d1fe5b426f',1,'Creatures'),
(58,9,'034e0929-b2c7-4b5f-94f2-8eaf4fb1a2a1',1,'Commander'),
(59,9,'2b6b2979-a887-4ad8-b123-4aea916de36a',1,'Lands'),
(60,9,'ab95f6e7-b806-47fe-a071-6c38b3176d94',1,'Lands');

INSERT INTO `decks` VALUES 
(5,5,'MyFirstDeck',NULL,'2026-05-28 23:11:26','2026-05-28 23:11:26',NULL),
(6,5,'NewDeck',NULL,'2026-05-28 23:12:47','2026-05-28 23:12:47',NULL),
(7,7,'mothman1',NULL,'2026-05-29 00:48:43','2026-05-29 00:48:43',NULL),
(8,8,'My Deck',NULL,'2026-05-29 01:42:47','2026-05-29 01:42:47',NULL),
(9,9,'MyDeck1',NULL,'2026-05-29 03:32:02','2026-05-29 03:32:02',NULL);

INSERT INTO `test_connection` VALUES 
(1,'MYSQL is connected to svelte');

INSERT INTO `users` VALUES 
(5,'hashTest','HashTest','$2b$10$12cfMCJBg76oy6kwkXNVPeLAduDkdRrkTkynH5a0R0kZ26kAJ8IQ6','user','2026-05-28 23:11:04'),
(6,'Admin','Admin','$2b$10$VeH5mnqPpPXVpSVBxRQEXO3NgBwUmsJN05figlAZZRaS4Qkg3QIzW','admin','2026-05-28 23:50:31'),
(7,'gtest','gtest','$2b$10$MciEsfOSE25.9./W0UOGf.olYTOrI1MnAM/SktOiRwtpRiwnMrWQy','user','2026-05-29 00:48:32'),
(8,'ggtest','ggtest','$2b$10$H477HjcY5SR1tR5NKHZuN.I2PNS2FgPgMG6lCsaupZvqielcXDUr.','user','2026-05-29 01:42:37'),
(9,'RoshanK','RoshanK@hotmail.com','$2b$10$wvQs120ztV5PJndsC/jg6ubqdWqvSeoi.652t3Uv8xNJVCnMWD0bq','user','2026-05-29 03:31:44');

SET FOREIGN_KEY_CHECKS = 1;